"Title","Description","Link","Image","Board"
"🎯 Kids Science Lab Experiment Kit","Shop this amazing Educational toy on Amazon for only $29.99! Perfect for kids 6-9. Curated by RoccoZoom! #toys #amazon #kidstoys","https://roccozoom.com","https://images.unsplash.com/photo-1513364776144-60967b0f800f?q=80&w=600","STEM & Educational Toys"
"🎯 Star Wars The Mandalorian Action Figure","Shop this amazing Action Figures toy on Amazon for only $24.99! Perfect for kids 10+. Curated by RoccoZoom! #toys #amazon #kidstoys","https://roccozoom.com","https://images.unsplash.com/photo-1587654780291-39c9404d746b?q=80&w=600","Best Action Figures 2026"
"🎯 National Geographic Dinosaur Dig Kit","Shop this amazing Educational toy on Amazon for only $18.99! Perfect for kids 6-9. Curated by RoccoZoom! #toys #amazon #kidstoys","https://roccozoom.com","https://images.unsplash.com/photo-1503676260728-1c00da094a0b?q=80&w=600","STEM & Educational Toys"
"🎯 Dinosaur Eggs Surprise Excavation Kit","Shop this amazing Dinosaurs toy on Amazon for only $19.99! Perfect for kids 6-9. Curated by RoccoZoom! #toys #amazon #kidstoys","https://roccozoom.com","https://images.unsplash.com/photo-1562155618-e1a8c9b399c3?q=80&w=600","Dinosaur Toys for Kids"
"🎯 Velociraptor Dinosaur with Sound Effects","Shop this amazing Dinosaurs toy on Amazon for only $49.99! Perfect for kids 6-9. Curated by RoccoZoom! #toys #amazon #kidstoys","https://roccozoom.com","https://images.unsplash.com/photo-1606921231106-f1083329a65c?q=80&w=600","Dinosaur Toys for Kids"
"🎯 Remote Control Monster Truck Off Road","Shop this amazing Vehicles toy on Amazon for only $34.99! Perfect for kids 6-9. Curated by RoccoZoom! #toys #amazon #kidstoys","https://roccozoom.com","https://images.unsplash.com/photo-1563861826100-9cb868fdbe1c?q=80&w=600","Toy Cars & Vehicles"
"🎯 Marvel Spider-Man Bend And Flex Action Figure","Shop this amazing Action Figures toy on Amazon for only $9.99! Perfect for kids 6-9. Curated by RoccoZoom! #toys #amazon #kidstoys","https://roccozoom.com","https://images.unsplash.com/photo-1608889175123-8ee362201f81?q=80&w=600","Best Action Figures 2026"
"🎯 Dragon Fire Fantasy Creature Figure","Shop this amazing Fantasy toy on Amazon for only $29.99! Perfect for kids 10+. Curated by RoccoZoom! #toys #amazon #kidstoys","https://roccozoom.com","https://images.unsplash.com/photo-1604514628550-37477afdf4e3?q=80&w=600","Fantasy Creature Figures"
"🎯 Jurassic World Dinosaur Escape Playset","Shop this amazing Playsets toy on Amazon for only $64.99! Perfect for kids 6-9. Curated by RoccoZoom! #toys #amazon #kidstoys","https://roccozoom.com","https://images.unsplash.com/photo-1596461404969-9ae021eca1f0?q=80&w=600","Kids Playsets & Adventures"
"🎯 Stegosaurus Large Realistic Dinosaur Figure","Shop this amazing Dinosaurs toy on Amazon for only $16.99! Perfect for kids 3-5. Curated by RoccoZoom! #toys #amazon #kidstoys","https://roccozoom.com","https://images.unsplash.com/photo-1535083783855-aaab5f24c4de?q=80&w=600","Dinosaur Toys for Kids"
"🎯 Batman Dark Knight Poseable Action Figure","Shop this amazing Action Figures toy on Amazon for only $19.99! Perfect for kids 6-9. Curated by RoccoZoom! #toys #amazon #kidstoys","https://roccozoom.com","https://images.unsplash.com/photo-1611532736597-de2d4265fba3?q=80&w=600","Best Action Figures 2026"
"🎯 Coding Robot for Kids STEM Learning","Shop this amazing Educational toy on Amazon for only $54.99! Perfect for kids 6-9. Curated by RoccoZoom! #toys #amazon #kidstoys","https://roccozoom.com","https://images.unsplash.com/photo-1509062522246-3755977927d7?q=80&w=600","STEM & Educational Toys"
"🎯 Transformers Optimus Prime Action Figure","Shop this amazing Action Figures toy on Amazon for only $24.99! Perfect for kids 6-9. Curated by RoccoZoom! #toys #amazon #kidstoys","https://roccozoom.com","https://images.unsplash.com/photo-1566576912321-d58ddd7a6088?q=80&w=600","Best Action Figures 2026"
"🎯 LEGO City Police Station Building Set","Shop this amazing Playsets toy on Amazon for only $59.99! Perfect for kids 6-9. Curated by RoccoZoom! #toys #amazon #kidstoys","https://roccozoom.com","https://images.unsplash.com/photo-1558618047-3c8c76ca7d13?q=80&w=600","Kids Playsets & Adventures"
"🎯 Peppa Pig Family Home Playset","Shop this amazing Playsets toy on Amazon for only $39.99! Perfect for kids 3-5. Curated by RoccoZoom! #toys #amazon #kidstoys","https://roccozoom.com","https://images.unsplash.com/photo-1594736797933-d0501ba2fe65?q=80&w=600","Kids Playsets & Adventures"
"🎯 Unicorn Kingdom Magical Playset","Shop this amazing Fantasy toy on Amazon for only $36.99! Perfect for kids 3-5. Curated by RoccoZoom! #toys #amazon #kidstoys","https://roccozoom.com","https://images.unsplash.com/photo-1615751072497-5f5169febe17?q=80&w=600","Fantasy Creature Figures"
"🎯 Safari Ltd Farm Animal Figure Set 20pc","Shop this amazing Animals toy on Amazon for only $27.99! Perfect for kids 3-5. Curated by RoccoZoom! #toys #amazon #kidstoys","https://roccozoom.com","https://images.unsplash.com/photo-1474511320723-9a56873867b5?q=80&w=600","Animal Figures for Kids"
"🎯 Toddler Pull-Along Wooden Animal Toy","Shop this amazing Animals toy on Amazon for only $15.99! Perfect for kids 1-3. Curated by RoccoZoom! #toys #amazon #kidstoys","https://roccozoom.com","https://images.unsplash.com/photo-1518791841217-8f162f1912da?q=80&w=600","Animal Figures for Kids"
